<?xml version="1.0" encoding="utf-8"?>
<permissions>
    <privapp-permissions package="com.asus.stitchimage">
        <permission name="android.permission.WRITE_MEDIA_STORAGE" />
        <permission name="android.permission.CAPTURE_AUDIO_OUTPUT"/>
        <permission name="android.permission.WRITE_SECURE_SETTINGS"/>
        <permission name="android.permission.CONTROL_REMOTE_APP_TRANSITION_ANIMATIONS"/>	
		<permission name="android.permission.SYSTEM_ALERT_WINDOW"/>
		<permission name="android.permission.READ_FRAME_BUFFER"/>
        <permission name="android.permission.READ_EXTERNAL_STORAGE"/>
		<permission name="android.permission.WRITE_EXTERNAL_STORAGE"/>
        <permission name="android.permission.WRITE_MEDIA_STORAGE"/>
		<permission name="android.permission.CAPTURE_VIDEO_OUTPUT"/>
		<permission name="android.permission.INTERNAL_SYSTEM_WINDOW"/>
		<permission name="android.permission.GET_TASKS"/>
		<permission name="android.permission.VIBRATE"/>
		<permission name="android.permission.INTERNET"/>
		<permission name="android.permission.ACCESS_NETWORK_STATE"/>
		<permission name="com.asus.stitchimage.permission.EXPORTED_FOR_ASUS_APPS" />
		<permission name="android.permission.MANAGE_MEDIA_PROJECTION"/>
		<permission name="com.asus.stitchimage.service.permission.BIND_SERVICE"/>
		<permission name="com.asus.gamecenter.MyMediaProvider"/>
		<permission name="android.permission.WAKE_LOCK"/>
		<permission name="com.google.android.finsky.permission.BIND_GET_INSTALL_REFERRER_SERVICE"/>
		<permission name="com.google.android.c2dm.permission.RECEIVE"/>
    </privapp-permissions>
</permissions>
